{"cameraMode":{"drawMode":0,"name":"Shaded","section":"Shading Mode"},"sceneLighting":true,"audioPlay":false,"sceneViewState":{"showFog":true,"showMaterialUpdate":false,"showSkybox":true,"showFlares":true,"showImageEffects":true,"showParticleSystems":true},"in2DMode":false,"pivot":{"x":6.906177520751953,"y":19.572032928466798,"z":14.818159103393555},"rotation":{"x":-0.049379751086235049,"y":0.8945012092590332,"z":-0.43243539333343508,"w":-0.10214434564113617},"size":92.86846923828125,"orthographic":false}